feature,importance
addr_len_diff,3448
name_len_ratio,2505
name_partial_sim,2438
name_len_diff,1732
name_token_set_sim,1671
addr_token_cnt_diff,1564
name_token_sort_sim,1547
name_edit_sim,1527
name_x_addr,1510
addr_token_jaccard,1506
addr_partial_sim,1505
addr_token_set_sim,1478
addr_len_ratio,1374
name_token_cnt_diff,1070
name_plus_addr,1043
addr_edit_sim,1037
addr_token_sort_sim,1036
name_token_jaccard,984
digit_count_diff,627
digit_seq_sim,527
contr_digit_conflict,241
digit_overlap,219
prov_n_channels,149
digit_exact,62
country_match,54
prov_address_digits,49
contr_same_name_diff_addr,38
addr_exact,34
contr_country_conflict,14
miss_cand_addr,6
contr_same_addr_diff_name,5
name_exact,0
country_both_present,0
miss_either_addr,0
miss_s1_addr,0
miss_s1_name,0
miss_cand_name,0
prov_exact_address,0
prov_exact_name,0
prov_rare_token,0
prov_ngram,0
